<?xml version="1.0" encoding="UTF-8"?>
<con:soapui-project activeEnvironment="Default" name="Google Maps" resourceRoot="${projectDir}" soapui-version="5.2.1" id="b840220d-0027-4f50-b27d-ce2e1613eb2e" abortOnError="false" runType="SEQUENTIAL" lastOpened="2016-05-18T16:25:20.352+02:00" xmlns:con="http://eviware.com/soapui/config"><con:settings/><con:interface xsi:type="con:RestService" wadlVersion="http://wadl.dev.java.net/2009/02" name="Direction API" type="rest" basePath="" id="4c37ae44-3eab-49ad-ab2e-f54902af57fe" xmlns:xsi="http://www.w3.org/2001/XMLSchema-instance"><con:settings/><con:definitionCache type="TEXT" rootPart=""/><con:endpoints><con:endpoint>http://maps.googleapis.com</con:endpoint></con:endpoints><con:resource name="directions" path="/maps/api/directions/{format}" id="52e9b52d-c41d-416c-aec3-10a9279673e9"><con:settings/><con:parameters><con:parameter required="true"><con:name>origin</con:name><con:value/><con:style>QUERY</con:style><con:type xmlns:xs="http://www.w3.org/2001/XMLSchema">xs:string</con:type><con:default/><con:path xsi:nil="true"/><con:description xsi:nil="true"/></con:parameter><con:parameter required="true"><con:name>destination</con:name><con:value/><con:style>QUERY</con:style><con:type xmlns:xs="http://www.w3.org/2001/XMLSchema">xs:string</con:type><con:default/><con:path xsi:nil="true"/><con:description xsi:nil="true"/></con:parameter><con:parameter required="true"><con:name>sensor</con:name><con:value/><con:style>QUERY</con:style><con:type xmlns:xs="http://www.w3.org/2001/XMLSchema">xs:boolean</con:type><con:default/><con:path xsi:nil="true"/><con:description xsi:nil="true"/></con:parameter><con:parameter required="true"><con:name>format</con:name><con:value>json</con:value><con:style>TEMPLATE</con:style><con:type xmlns:xs="http://www.w3.org/2001/XMLSchema">xs:string</con:type><con:default>json</con:default><con:path xsi:nil="true"/><con:option>json</con:option><con:option>xml</con:option><con:description xsi:nil="true"/></con:parameter><con:parameter><con:name>mode</con:name><con:value/><con:style>QUERY</con:style><con:default/><con:option>driving</con:option><con:option>walking</con:option><con:option>bicycling</con:option><con:option>transit</con:option></con:parameter><con:parameter><con:name>waypoints</con:name><con:value/><con:style>QUERY</con:style><con:default/></con:parameter><con:parameter><con:name>alternatives</con:name><con:value/><con:style>QUERY</con:style><con:type xmlns:xs="http://www.w3.org/2001/XMLSchema">xs:boolean</con:type><con:default/></con:parameter><con:parameter><con:name>avoid</con:name><con:value/><con:style>QUERY</con:style><con:default/><con:option>tolls</con:option><con:option>highways</con:option></con:parameter><con:parameter><con:name>language</con:name><con:value/><con:style>QUERY</con:style><con:default/></con:parameter><con:parameter><con:name>units</con:name><con:value/><con:style>QUERY</con:style><con:default/><con:option>metric</con:option><con:option>imperial</con:option></con:parameter><con:parameter><con:name>region</con:name><con:value/><con:style>QUERY</con:style><con:default/></con:parameter><con:parameter><con:name>departure_time</con:name><con:value/><con:style>QUERY</con:style><con:default/></con:parameter><con:parameter><con:name>arrival_time</con:name><con:value/><con:style>QUERY</con:style><con:default/></con:parameter></con:parameters><con:method name="GET" method="GET" id="851f96f7-6994-43ca-a17f-a418af39a441"><con:settings/><con:parameters/><con:representation type="RESPONSE"><con:mediaType>application/json; charset=UTF-8</con:mediaType><con:status>200</con:status><con:params/><con:element xmlns:json="http://maps.googleapis.com/maps/api/directions/json">json:Response</con:element></con:representation><con:representation type="RESPONSE"><con:mediaType>application/xml; charset=UTF-8</con:mediaType><con:status>200</con:status><con:params/><con:element>DirectionsResponse</con:element></con:representation><con:representation type="FAULT"><con:mediaType>application/json; charset=UTF-8</con:mediaType><con:status>400</con:status><con:params/><con:element xmlns:json="http://maps.googleapis.com/maps/api/directions/json">json:Fault</con:element></con:representation><con:request name="Sample Request" mediaType="application/xml" id="dc834444-59d7-4769-816b-144cb240d880"><con:settings><con:setting id="com.eviware.soapui.impl.wsdl.WsdlRequest@request-headers">&lt;xml-fragment/></con:setting></con:settings><con:endpoint>http://maps.googleapis.com</con:endpoint><con:request/><con:credentials><con:selectedAuthProfile>Basic</con:selectedAuthProfile><con:authType>Global HTTP Settings</con:authType></con:credentials><con:jmsConfig JMSDeliveryMode="PERSISTENT"/><con:jmsPropertyConfig/><con:parameters>
  <con:entry key="sensor" value="false"/>
  <con:entry key="origin" value="Toronto"/>
  <con:entry key="destination" value="Montreal"/>
</con:parameters></con:request><con:request name="Sample Request - no highways" mediaType="application/xml" id="e6e727fa-f7fa-45be-a752-e9e0779e209e"><con:settings><con:setting id="com.eviware.soapui.impl.wsdl.WsdlRequest@request-headers">&lt;xml-fragment/></con:setting></con:settings><con:endpoint>http://maps.googleapis.com</con:endpoint><con:request/><con:credentials><con:selectedAuthProfile>Basic</con:selectedAuthProfile><con:authType>Global HTTP Settings</con:authType></con:credentials><con:jmsConfig JMSDeliveryMode="PERSISTENT"/><con:jmsPropertyConfig/><con:parameters>
  <con:entry key="sensor" value="false"/>
  <con:entry key="avoid" value="highways"/>
  <con:entry key="origin" value="Toronto"/>
  <con:entry key="mode" value="bicycling"/>
  <con:entry key="destination" value="Montreal"/>
</con:parameters></con:request><con:request name="Transit with departure time" mediaType="application/xml" id="7175148f-7d74-4fb1-846e-90ad6b22d131"><con:settings><con:setting id="com.eviware.soapui.impl.wsdl.WsdlRequest@request-headers">&lt;xml-fragment/></con:setting></con:settings><con:endpoint>http://maps.googleapis.com</con:endpoint><con:request/><con:credentials><con:selectedAuthProfile>Basic</con:selectedAuthProfile><con:authType>Global HTTP Settings</con:authType></con:credentials><con:jmsConfig JMSDeliveryMode="PERSISTENT"/><con:jmsPropertyConfig/><con:parameters>
  <con:entry key="sensor" value="false"/>
  <con:entry key="departure_time" value="${=(int)new java.util.Date().time/1000}"/>
  <con:entry key="origin" value="Brooklyn"/>
  <con:entry key="format" value="xml"/>
  <con:entry key="destination" value="Queens"/>
  <con:entry key="mode" value="transit"/>
</con:parameters></con:request></con:method></con:resource></con:interface><con:interface xsi:type="con:RestService" wadlVersion="http://wadl.dev.java.net/2009/02" name="Distance Matrix API" type="rest" basePath="" id="c01f60d6-68bb-49fd-bf01-7b85cfabdebb" xmlns:xsi="http://www.w3.org/2001/XMLSchema-instance"><con:settings/><con:definitionCache type="TEXT" rootPart=""/><con:endpoints><con:endpoint>http://maps.googleapis.com</con:endpoint></con:endpoints><con:resource name="distancematrix" path="/maps/api/distancematrix/{format}" id="6bd85109-019a-4d15-a7a7-3116cb4d33a5"><con:settings/><con:parameters><con:parameter required="true"><con:name>format</con:name><con:value>json</con:value><con:style>TEMPLATE</con:style><con:type xmlns:xs="http://www.w3.org/2001/XMLSchema">xs:string</con:type><con:default>json</con:default><con:path xsi:nil="true"/><con:option>json</con:option><con:option>xml</con:option><con:description xsi:nil="true"/></con:parameter><con:parameter required="true"><con:name>origins</con:name><con:value/><con:style>QUERY</con:style><con:type xmlns:xs="http://www.w3.org/2001/XMLSchema">xs:string</con:type><con:default/><con:path xsi:nil="true"/><con:description xsi:nil="true"/></con:parameter><con:parameter required="true"><con:name>destinations</con:name><con:value/><con:style>QUERY</con:style><con:type xmlns:xs="http://www.w3.org/2001/XMLSchema">xs:string</con:type><con:default/><con:path xsi:nil="true"/><con:description xsi:nil="true"/></con:parameter><con:parameter required="true"><con:name>sensor</con:name><con:value/><con:style>QUERY</con:style><con:type xmlns:xs="http://www.w3.org/2001/XMLSchema">xs:boolean</con:type><con:default/><con:path xsi:nil="true"/><con:description xsi:nil="true"/></con:parameter><con:parameter><con:name>mode</con:name><con:value/><con:style>QUERY</con:style><con:default/><con:option>driving</con:option><con:option>walking</con:option><con:option>bicycling</con:option></con:parameter><con:parameter><con:name>language</con:name><con:value/><con:style>QUERY</con:style><con:default/></con:parameter><con:parameter><con:name>avoid</con:name><con:value/><con:style>QUERY</con:style><con:default/><con:option>tolls</con:option><con:option>highways</con:option></con:parameter><con:parameter><con:name>units</con:name><con:value/><con:style>QUERY</con:style><con:default/><con:option>metric</con:option><con:option>imperial</con:option></con:parameter></con:parameters><con:method name="GET" method="GET" id="77c9a126-13f7-4a5f-b648-78e9eaf7e5d2"><con:settings/><con:parameters/><con:representation type="FAULT"><con:mediaType>text/html; charset=UTF-8</con:mediaType><con:status>404</con:status><con:params/><con:element>html</con:element></con:representation><con:representation type="RESPONSE"><con:mediaType>application/json; charset=UTF-8</con:mediaType><con:status>200</con:status><con:params/><con:element xmlns:json="http://maps.googleapis.com/maps/api/distancematrix/json">json:Response</con:element></con:representation><con:request name="Sample Request" mediaType="application/xml" id="723fa7d7-bdc9-4706-9f59-34a6153ffadb"><con:settings><con:setting id="com.eviware.soapui.impl.wsdl.WsdlRequest@request-headers">&lt;xml-fragment/></con:setting></con:settings><con:endpoint>http://maps.googleapis.com</con:endpoint><con:request/><con:credentials><con:selectedAuthProfile>Basic</con:selectedAuthProfile><con:authType>Global HTTP Settings</con:authType></con:credentials><con:jmsConfig JMSDeliveryMode="PERSISTENT"/><con:jmsPropertyConfig/><con:parameters>
  <con:entry key="sensor" value="false"/>
  <con:entry key="destinations" value="Darling Harbour NSW Australia|24 Sussex Drive Ottawa ON|Capitola CA"/>
  <con:entry key="origins" value="Bobcaygeon ON|41.43206,-81.38992"/>
</con:parameters></con:request></con:method></con:resource></con:interface><con:interface xsi:type="con:RestService" wadlVersion="http://wadl.dev.java.net/2009/02" name="Elevation API" type="rest" basePath="" id="7c70a285-8eee-48a6-8f43-66494d099764" xmlns:xsi="http://www.w3.org/2001/XMLSchema-instance"><con:settings/><con:definitionCache type="TEXT" rootPart=""/><con:endpoints><con:endpoint>http://maps.googleapis.com</con:endpoint></con:endpoints><con:resource name="elevation" path="/maps/api/elevation/{format}" id="87a6684f-f103-4ce3-be55-6805ad0dc397"><con:settings/><con:parameters><con:parameter required="false"><con:name>locations</con:name><con:value/><con:style>QUERY</con:style><con:type xmlns:xs="http://www.w3.org/2001/XMLSchema">xs:string</con:type><con:default/><con:path xsi:nil="true"/><con:description xsi:nil="true"/></con:parameter><con:parameter required="true"><con:name>sensor</con:name><con:value/><con:style>QUERY</con:style><con:type xmlns:xs="http://www.w3.org/2001/XMLSchema">xs:boolean</con:type><con:default/><con:path xsi:nil="true"/><con:description xsi:nil="true"/></con:parameter><con:parameter required="true"><con:name>format</con:name><con:value>json</con:value><con:style>TEMPLATE</con:style><con:type xmlns:xs="http://www.w3.org/2001/XMLSchema">xs:string</con:type><con:default>json</con:default><con:path xsi:nil="true"/><con:option>json</con:option><con:option>xml</con:option><con:description xsi:nil="true"/></con:parameter><con:parameter><con:name>path</con:name><con:value/><con:style>QUERY</con:style><con:default/></con:parameter><con:parameter><con:name>samples</con:name><con:value/><con:style>QUERY</con:style><con:default/></con:parameter></con:parameters><con:method name="GET" method="GET" id="aa938f8c-2a95-45c5-9408-1435e2070162"><con:settings/><con:parameters/><con:representation type="RESPONSE"><con:mediaType>application/json; charset=UTF-8</con:mediaType><con:status>200</con:status><con:params/><con:element xmlns:json="http://maps.googleapis.com/maps/api/elevation/json">json:Response</con:element></con:representation><con:representation type="RESPONSE"><con:mediaType xsi:nil="true"/><con:status>0</con:status><con:params/><con:element>data</con:element></con:representation><con:representation type="RESPONSE"><con:mediaType xsi:nil="true"/><con:status>0</con:status><con:params/><con:element>data</con:element></con:representation><con:request name="Sample Request" mediaType="application/xml" id="9481fee5-31ac-4dab-8b72-5a45633fd655"><con:settings><con:setting id="com.eviware.soapui.impl.wsdl.WsdlRequest@request-headers">&lt;xml-fragment/></con:setting></con:settings><con:endpoint>http://maps.googleapis.com</con:endpoint><con:request/><con:credentials><con:selectedAuthProfile>Basic</con:selectedAuthProfile><con:authType>Global HTTP Settings</con:authType></con:credentials><con:jmsConfig JMSDeliveryMode="PERSISTENT"/><con:jmsPropertyConfig/><con:parameters>
  <con:entry key="sensor" value="false"/>
  <con:entry key="locations" value="39.7391536,-104.9847034"/>
</con:parameters></con:request><con:request name="Sample Request - Multiple Responses" mediaType="application/xml" id="8bed20bc-2efe-40b1-ab75-542188983fd8"><con:settings><con:setting id="com.eviware.soapui.impl.wsdl.WsdlRequest@request-headers">&lt;xml-fragment/></con:setting></con:settings><con:endpoint>http://maps.googleapis.com</con:endpoint><con:request/><con:credentials><con:selectedAuthProfile>Basic</con:selectedAuthProfile><con:authType>Global HTTP Settings</con:authType></con:credentials><con:jmsConfig JMSDeliveryMode="PERSISTENT"/><con:jmsPropertyConfig/><con:parameters>
  <con:entry key="sensor" value="false"/>
  <con:entry key="locations" value="39.7391536,-104.9847034|36.455556,-116.866667"/>
</con:parameters></con:request><con:request name="Path Elevation Sample" mediaType="application/xml" id="3bc11172-8445-4da8-b45e-5ddee760bcfa"><con:settings><con:setting id="com.eviware.soapui.impl.wsdl.WsdlRequest@request-headers">&lt;xml-fragment/></con:setting></con:settings><con:endpoint>http://maps.googleapis.com</con:endpoint><con:request/><con:credentials><con:selectedAuthProfile>Basic</con:selectedAuthProfile><con:authType>Global HTTP Settings</con:authType></con:credentials><con:jmsConfig JMSDeliveryMode="PERSISTENT"/><con:jmsPropertyConfig/><con:parameters>
  <con:entry key="sensor" value="false"/>
  <con:entry key="path" value="36.578581,-118.291994|36.23998,-116.83171"/>
  <con:entry key="samples" value="3"/>
</con:parameters></con:request></con:method></con:resource></con:interface><con:interface xsi:type="con:RestService" wadlVersion="http://wadl.dev.java.net/2009/02" name="Geocoding API" type="rest" basePath="" id="deaff161-43e7-451b-9455-92d3bfe47845" xmlns:xsi="http://www.w3.org/2001/XMLSchema-instance"><con:settings/><con:definitionCache type="TEXT" rootPart=""/><con:endpoints><con:endpoint>http://maps.googleapis.com</con:endpoint></con:endpoints><con:resource name="geocode" path="/maps/api/geocode/{format}" id="a292f7b1-6ac3-4713-8689-6850fc261310"><con:settings/><con:parameters><con:parameter required="false"><con:name>address</con:name><con:value/><con:style>QUERY</con:style><con:type xmlns:xs="http://www.w3.org/2001/XMLSchema">xs:string</con:type><con:default/><con:path xsi:nil="true"/><con:description xsi:nil="true"/></con:parameter><con:parameter required="true"><con:name>sensor</con:name><con:value/><con:style>QUERY</con:style><con:type xmlns:xs="http://www.w3.org/2001/XMLSchema">xs:boolean</con:type><con:default/><con:path xsi:nil="true"/><con:description xsi:nil="true"/></con:parameter><con:parameter required="true"><con:name>format</con:name><con:value>json</con:value><con:style>TEMPLATE</con:style><con:type xmlns:xs="http://www.w3.org/2001/XMLSchema">xs:string</con:type><con:default>json</con:default><con:path xsi:nil="true"/><con:option>json</con:option><con:option>xml</con:option><con:description xsi:nil="true"/></con:parameter><con:parameter><con:name>latlng</con:name><con:value/><con:style>QUERY</con:style><con:default/></con:parameter><con:parameter><con:name>components</con:name><con:value/><con:style>QUERY</con:style><con:default/></con:parameter><con:parameter><con:name>bounds</con:name><con:value/><con:style>QUERY</con:style><con:default/></con:parameter><con:parameter><con:name>language</con:name><con:value/><con:style>QUERY</con:style><con:default/></con:parameter><con:parameter><con:name>region</con:name><con:value/><con:style>QUERY</con:style><con:default/></con:parameter></con:parameters><con:method name="GET" method="GET" id="4cdc94ac-863b-41ae-a0da-43d0073e1055"><con:settings/><con:parameters/><con:representation type="RESPONSE"><con:mediaType>application/json; charset=UTF-8</con:mediaType><con:status>200</con:status><con:params/><con:element xmlns:json="http://maps.googleapis.com/maps/api/geocode/json">json:Response</con:element></con:representation><con:representation type="RESPONSE"><con:mediaType>application/xml; charset=UTF-8</con:mediaType><con:status>200</con:status><con:params/><con:element>GeocodeResponse</con:element></con:representation><con:request name="Sample Request" mediaType="application/xml" id="7e848a36-20c8-4172-b9a1-fc3898fbf0a5"><con:settings><con:setting id="com.eviware.soapui.impl.wsdl.WsdlRequest@request-headers">&lt;xml-fragment/></con:setting></con:settings><con:endpoint>http://maps.googleapis.com</con:endpoint><con:request/><con:credentials><con:selectedAuthProfile>Basic</con:selectedAuthProfile><con:authType>Global HTTP Settings</con:authType></con:credentials><con:jmsConfig JMSDeliveryMode="PERSISTENT"/><con:jmsPropertyConfig/><con:parameters>
  <con:entry key="sensor" value="false"/>
  <con:entry key="address" value="1600 Amphitheatre Parkway, Mountain View, CA"/>
</con:parameters></con:request><con:request name="Reverse Lookup Sample" mediaType="application/xml" id="f9bcb75b-7069-4c12-93cb-04fe3a8af247"><con:settings><con:setting id="com.eviware.soapui.impl.wsdl.WsdlRequest@request-headers">&lt;xml-fragment/></con:setting></con:settings><con:endpoint>http://maps.googleapis.com</con:endpoint><con:request/><con:credentials><con:selectedAuthProfile>Basic</con:selectedAuthProfile><con:authType>Global HTTP Settings</con:authType></con:credentials><con:jmsConfig JMSDeliveryMode="PERSISTENT"/><con:jmsPropertyConfig/><con:parameters>
  <con:entry key="sensor" value="false"/>
  <con:entry key="latlng" value="40.714224,-73.961452"/>
</con:parameters></con:request><con:request name="Viewport Biasing Sample" mediaType="application/xml" id="9a3f9904-61f8-4dde-84ec-229eb0b0b777"><con:settings><con:setting id="com.eviware.soapui.impl.wsdl.WsdlRequest@request-headers">&lt;xml-fragment/></con:setting></con:settings><con:endpoint>http://maps.googleapis.com</con:endpoint><con:request/><con:credentials><con:selectedAuthProfile>Basic</con:selectedAuthProfile><con:authType>Global HTTP Settings</con:authType></con:credentials><con:jmsConfig JMSDeliveryMode="PERSISTENT"/><con:jmsPropertyConfig/><con:parameters>
  <con:entry key="bounds" value="34.172684,-118.604794|34.236144,-118.500938"/>
  <con:entry key="sensor" value="false"/>
  <con:entry key="address" value="Winnetka"/>
</con:parameters></con:request><con:request name="Region Biasing Sample" mediaType="application/xml" id="c170d130-4fe1-4dd4-991a-281b3c288a85"><con:settings><con:setting id="com.eviware.soapui.impl.wsdl.WsdlRequest@request-headers">&lt;xml-fragment/></con:setting></con:settings><con:endpoint>http://maps.googleapis.com</con:endpoint><con:request/><con:credentials><con:selectedAuthProfile>Basic</con:selectedAuthProfile><con:authType>Global HTTP Settings</con:authType></con:credentials><con:jmsConfig JMSDeliveryMode="PERSISTENT"/><con:jmsPropertyConfig/><con:parameters>
  <con:entry key="region" value="es"/>
  <con:entry key="sensor" value="false"/>
  <con:entry key="address" value="Toledo"/>
</con:parameters></con:request><con:request name="Component Filtering Sample" mediaType="application/xml" id="43215fb2-55c7-4547-80eb-8128b646e332"><con:settings><con:setting id="com.eviware.soapui.impl.wsdl.WsdlRequest@request-headers">&lt;xml-fragment/></con:setting></con:settings><con:endpoint>http://maps.googleapis.com</con:endpoint><con:request/><con:credentials><con:selectedAuthProfile>Basic</con:selectedAuthProfile><con:authType>Global HTTP Settings</con:authType></con:credentials><con:jmsConfig JMSDeliveryMode="PERSISTENT"/><con:jmsPropertyConfig/><con:parameters>
  <con:entry key="sensor" value="false"/>
  <con:entry key="address" value="santa cruz"/>
  <con:entry key="components" value="country:ES"/>
  <con:entry key="format" value="xml"/>
</con:parameters></con:request><con:request name="Component Filtering only Sample" mediaType="application/xml" id="0809958a-f47d-4e3d-a1dc-4328efefbe62"><con:settings><con:setting id="com.eviware.soapui.impl.wsdl.WsdlRequest@request-headers">&lt;xml-fragment/></con:setting></con:settings><con:endpoint>http://maps.googleapis.com</con:endpoint><con:request/><con:credentials><con:selectedAuthProfile>Basic</con:selectedAuthProfile><con:authType>Global HTTP Settings</con:authType></con:credentials><con:jmsConfig JMSDeliveryMode="PERSISTENT"/><con:jmsPropertyConfig/><con:parameters>
  <con:entry key="sensor" value="false"/>
  <con:entry key="components" value="route:Annegatan|administrative_area:Helsinki|country:Finland"/>
</con:parameters></con:request></con:method></con:resource></con:interface><con:interface xsi:type="con:RestService" wadlVersion="http://wadl.dev.java.net/2009/02" name="Time Zone API" type="rest" basePath="" id="fb4bc407-3ada-4af7-b555-ddaf05e2d5c4" xmlns:xsi="http://www.w3.org/2001/XMLSchema-instance"><con:settings/><con:definitionCache type="TEXT" rootPart=""/><con:endpoints><con:endpoint>http://RD0038788:8089/</con:endpoint><con:endpoint>https://maps.googleapis.com</con:endpoint></con:endpoints><con:resource name="json" path="/maps/api/timezone/{format}" id="d014eb34-dd25-4654-86f3-ed7ca444089a"><con:settings/><con:parameters><con:parameter><con:name>location</con:name><con:value/><con:style>QUERY</con:style><con:type xmlns:xs="http://www.w3.org/2001/XMLSchema">xs:string</con:type><con:default/><con:path xsi:nil="true"/><con:description xsi:nil="true"/></con:parameter><con:parameter><con:name>timestamp</con:name><con:value/><con:style>QUERY</con:style><con:type xmlns:xs="http://www.w3.org/2001/XMLSchema">xs:string</con:type><con:default/><con:path xsi:nil="true"/><con:description xsi:nil="true"/></con:parameter><con:parameter required="true"><con:name>sensor</con:name><con:value>false</con:value><con:style>QUERY</con:style><con:type xmlns:xs="http://www.w3.org/2001/XMLSchema">xs:boolean</con:type><con:default>false</con:default><con:path xsi:nil="true"/><con:description xsi:nil="true"/></con:parameter><con:parameter required="true"><con:name>format</con:name><con:value>json</con:value><con:style>TEMPLATE</con:style><con:type xmlns:xs="http://www.w3.org/2001/XMLSchema">xs:string</con:type><con:default>json</con:default><con:path xsi:nil="true"/><con:option>json</con:option><con:option>xml</con:option><con:description xsi:nil="true"/></con:parameter><con:parameter><con:name>language</con:name><con:value/><con:style>QUERY</con:style><con:default/></con:parameter></con:parameters><con:method name="GET" method="GET" id="f23cabac-802e-4a5e-8922-91724ae9b53b"><con:settings/><con:parameters/><con:representation type="RESPONSE"><con:mediaType>application/json; charset=UTF-8</con:mediaType><con:status>200</con:status><con:params/><con:element xmlns:json="https://maps.googleapis.com/maps/api/timezone/json">json:Response</con:element></con:representation><con:representation type="RESPONSE"><con:mediaType xsi:nil="true"/><con:status>0</con:status><con:params/><con:element>data</con:element></con:representation><con:representation type="RESPONSE"><con:mediaType xsi:nil="true"/><con:status>0</con:status><con:params/><con:element>data</con:element></con:representation><con:representation type="FAULT"><con:mediaType>application/json; charset=UTF-8</con:mediaType><con:status>400</con:status><con:params/><con:element xmlns:json="https://maps.googleapis.com/maps/api/timezone/json">json:Fault</con:element></con:representation><con:request name="Sample Request" mediaType="application/xml" id="9224cac9-4920-4be9-9301-10c8063fefc2"><con:settings><con:setting id="com.eviware.soapui.impl.wsdl.WsdlRequest@request-headers">&lt;xml-fragment/></con:setting></con:settings><con:endpoint>https://maps.googleapis.com</con:endpoint><con:request/><con:credentials><con:selectedAuthProfile>Basic</con:selectedAuthProfile><con:authType>Global HTTP Settings</con:authType></con:credentials><con:jmsConfig JMSDeliveryMode="PERSISTENT"/><con:jmsPropertyConfig/><con:parameters>
  <con:entry key="timestamp" value="1331161200"/>
  <con:entry key="location" value="39.6034810,-119.6822510"/>
</con:parameters></con:request><con:request name="Sample Request with DST offset" mediaType="application/xml" id="c15965a7-e76d-4bd2-ae71-ffa3686e23e9"><con:settings><con:setting id="com.eviware.soapui.impl.wsdl.WsdlRequest@request-headers">&lt;xml-fragment/></con:setting></con:settings><con:endpoint>https://maps.googleapis.com</con:endpoint><con:request/><con:credentials><con:selectedAuthProfile>Basic</con:selectedAuthProfile><con:authType>Global HTTP Settings</con:authType></con:credentials><con:jmsConfig JMSDeliveryMode="PERSISTENT"/><con:jmsPropertyConfig/><con:parameters>
  <con:entry key="timestamp" value="1331766000"/>
  <con:entry key="location" value="39.6034810,-119.6822510"/>
</con:parameters></con:request><con:request name="Sample Request with localized response" mediaType="application/xml" id="7c46faaf-0bb0-4be2-a2e5-da9dd4e0e944"><con:settings><con:setting id="com.eviware.soapui.impl.wsdl.WsdlRequest@request-headers">&lt;xml-fragment/></con:setting></con:settings><con:endpoint>https://maps.googleapis.com</con:endpoint><con:request/><con:credentials><con:selectedAuthProfile>Basic</con:selectedAuthProfile><con:authType>Global HTTP Settings</con:authType></con:credentials><con:jmsConfig JMSDeliveryMode="PERSISTENT"/><con:jmsPropertyConfig/><con:parameters>
  <con:entry key="timestamp" value="1331766000"/>
  <con:entry key="location" value="39.6034810,-119.6822510"/>
  <con:entry key="language" value="es"/>
</con:parameters></con:request></con:method></con:resource></con:interface><con:interface xsi:type="con:RestService" wadlVersion="http://wadl.dev.java.net/2009/02" name="Places API" type="rest" basePath="/maps/api/place" id="9ddbe330-2e50-4f80-8f4d-b05adfd64a0f" xmlns:xsi="http://www.w3.org/2001/XMLSchema-instance"><con:settings/><con:definitionCache type="TEXT" rootPart=""/><con:endpoints><con:endpoint>https://maps.googleapis.com</con:endpoint></con:endpoints><con:resource name="nearbysearch" path="/nearbysearch/{format}" id="9607b99f-b29b-4fd7-b523-5764667d88e1"><con:settings/><con:parameters><con:parameter required="true"><con:name>location</con:name><con:value/><con:style>QUERY</con:style><con:type xmlns:xs="http://www.w3.org/2001/XMLSchema">xs:string</con:type><con:default/><con:path xsi:nil="true"/><con:description xsi:nil="true"/></con:parameter><con:parameter required="false"><con:name>radius</con:name><con:value/><con:style>QUERY</con:style><con:type xmlns:xs="http://www.w3.org/2001/XMLSchema">xs:string</con:type><con:default/><con:path xsi:nil="true"/><con:description xsi:nil="true"/></con:parameter><con:parameter><con:name>types</con:name><con:value/><con:style>QUERY</con:style><con:type xmlns:xs="http://www.w3.org/2001/XMLSchema">xs:string</con:type><con:default/><con:path xsi:nil="true"/><con:description xsi:nil="true"/></con:parameter><con:parameter><con:name>name</con:name><con:value/><con:style>QUERY</con:style><con:type xmlns:xs="http://www.w3.org/2001/XMLSchema">xs:string</con:type><con:default/><con:path xsi:nil="true"/><con:description xsi:nil="true"/></con:parameter><con:parameter required="true"><con:name>sensor</con:name><con:value>false</con:value><con:style>QUERY</con:style><con:type xmlns:xs="http://www.w3.org/2001/XMLSchema">xs:boolean</con:type><con:default>false</con:default><con:path xsi:nil="true"/><con:description xsi:nil="true"/></con:parameter><con:parameter required="true"><con:name>key</con:name><con:value>${#Project#PlacesAPIKey}</con:value><con:style>QUERY</con:style><con:type xmlns:xs="http://www.w3.org/2001/XMLSchema">xs:string</con:type><con:default>${#Project#PlacesAPIKey}</con:default><con:path xsi:nil="true"/><con:description xsi:nil="true"/></con:parameter><con:parameter required="true"><con:name>format</con:name><con:value>json</con:value><con:style>TEMPLATE</con:style><con:type xmlns:xs="http://www.w3.org/2001/XMLSchema">xs:string</con:type><con:default>json</con:default><con:path xsi:nil="true"/><con:option>json</con:option><con:option>xml</con:option><con:description xsi:nil="true"/></con:parameter><con:parameter><con:name>keyword</con:name><con:value/><con:style>QUERY</con:style><con:default/></con:parameter><con:parameter><con:name>language</con:name><con:value/><con:style>QUERY</con:style><con:default/></con:parameter><con:parameter><con:name>rankby</con:name><con:value/><con:style>QUERY</con:style><con:default/><con:option>prominence</con:option><con:option>distance</con:option></con:parameter><con:parameter><con:name>pagetoken</con:name><con:value/><con:style>QUERY</con:style><con:default/></con:parameter><con:parameter><con:name>query</con:name><con:value/><con:style>QUERY</con:style><con:default/></con:parameter></con:parameters><con:method name="GET" method="GET" id="cc873fa8-fbb8-44ab-b061-865c89614daf"><con:settings/><con:parameters/><con:representation type="RESPONSE"><con:mediaType>application/json; charset=UTF-8</con:mediaType><con:status>200</con:status><con:params/><con:element xmlns:json="https://maps.googleapis.com/maps/api/place/nearbysearch/json">json:Response</con:element></con:representation><con:representation type="RESPONSE"><con:mediaType>application/xml; charset=UTF-8</con:mediaType><con:status>200</con:status><con:params/><con:element>PlaceSearchResponse</con:element></con:representation><con:request name="Nearby Search Sample" mediaType="application/xml" id="97fc246f-8a9e-4164-831a-3466b56a4c50"><con:settings><con:setting id="com.eviware.soapui.impl.wsdl.WsdlRequest@request-headers">&lt;xml-fragment/></con:setting></con:settings><con:endpoint>https://maps.googleapis.com</con:endpoint><con:request/><con:credentials><con:selectedAuthProfile>Basic</con:selectedAuthProfile><con:authType>Global HTTP Settings</con:authType></con:credentials><con:jmsConfig JMSDeliveryMode="PERSISTENT"/><con:jmsPropertyConfig/><con:parameters>
  <con:entry key="location" value="-33.8670522,151.1957362"/>
  <con:entry key="name" value="harbour"/>
  <con:entry key="radius" value="500"/>
  <con:entry key="types" value="food"/>
</con:parameters></con:request></con:method></con:resource><con:resource name="textsearch" path="/textsearch/{format}" id="56d8359c-d9da-4a52-b425-9d84a13062c5"><con:settings/><con:parameters><con:parameter required="true"><con:name>query</con:name><con:value/><con:style>QUERY</con:style><con:type xmlns:xs="http://www.w3.org/2001/XMLSchema">xs:string</con:type><con:default/><con:path xsi:nil="true"/><con:description xsi:nil="true"/></con:parameter><con:parameter required="true"><con:name>sensor</con:name><con:value>false</con:value><con:style>QUERY</con:style><con:type xmlns:xs="http://www.w3.org/2001/XMLSchema">xs:boolean</con:type><con:default>false</con:default><con:path xsi:nil="true"/><con:description xsi:nil="true"/></con:parameter><con:parameter required="true"><con:name>key</con:name><con:value>${#Project#PlacesAPIKey}</con:value><con:style>QUERY</con:style><con:type xmlns:xs="http://www.w3.org/2001/XMLSchema">xs:string</con:type><con:default>${#Project#PlacesAPIKey}</con:default><con:path xsi:nil="true"/><con:description xsi:nil="true"/></con:parameter><con:parameter required="true"><con:name>format</con:name><con:value>json</con:value><con:style>TEMPLATE</con:style><con:type xmlns:xs="http://www.w3.org/2001/XMLSchema">xs:string</con:type><con:default>json</con:default><con:path xsi:nil="true"/><con:option>json</con:option><con:option>xml</con:option><con:description xsi:nil="true"/></con:parameter><con:parameter><con:name>location</con:name><con:value/><con:style>QUERY</con:style><con:default/></con:parameter><con:parameter><con:name>radius</con:name><con:value/><con:style>QUERY</con:style><con:default/></con:parameter><con:parameter><con:name>language</con:name><con:value/><con:style>QUERY</con:style><con:default/></con:parameter><con:parameter><con:name>types</con:name><con:value/><con:style>QUERY</con:style><con:default/></con:parameter></con:parameters><con:method name="GET" method="GET" id="531b6426-de94-40e0-b1b5-c01453ef71bc"><con:settings/><con:parameters/><con:representation type="FAULT"><con:mediaType>text/html; charset=UTF-8</con:mediaType><con:status>404</con:status><con:params/><con:element>html</con:element></con:representation><con:representation type="RESPONSE"><con:mediaType>application/json; charset=UTF-8</con:mediaType><con:status>200</con:status><con:params/><con:element xmlns:json="https://maps.googleapis.com/maps/api/place/textsearch/json">json:Response</con:element></con:representation><con:request name="Sample Text Search" mediaType="application/xml" id="9f18c8f3-2b59-45b5-9b4a-3e40f2b4ee64"><con:settings><con:setting id="com.eviware.soapui.impl.wsdl.WsdlRequest@request-headers">&lt;xml-fragment/></con:setting></con:settings><con:endpoint>https://maps.googleapis.com</con:endpoint><con:request/><con:credentials><con:selectedAuthProfile>Basic</con:selectedAuthProfile><con:authType>Global HTTP Settings</con:authType></con:credentials><con:jmsConfig JMSDeliveryMode="PERSISTENT"/><con:jmsPropertyConfig/><con:parameters><entry key="query" value="restaurants in Sydney" xmlns="http://eviware.com/soapui/config"/></con:parameters></con:request></con:method></con:resource><con:resource name="details" path="/details/{format}" id="8bcc4f93-2b2d-40ab-aef2-f4587c03596d"><con:settings/><con:parameters><con:parameter required="true"><con:name>reference</con:name><con:value/><con:style>QUERY</con:style><con:type xmlns:xs="http://www.w3.org/2001/XMLSchema">xs:string</con:type><con:default/><con:path xsi:nil="true"/><con:description xsi:nil="true"/></con:parameter><con:parameter required="true"><con:name>sensor</con:name><con:value>true</con:value><con:style>QUERY</con:style><con:type xmlns:xs="http://www.w3.org/2001/XMLSchema">xs:boolean</con:type><con:default>true</con:default><con:path xsi:nil="true"/><con:description xsi:nil="true"/></con:parameter><con:parameter required="true"><con:name>key</con:name><con:value>${#Project#PlacesAPIKey}</con:value><con:style>QUERY</con:style><con:type xmlns:xs="http://www.w3.org/2001/XMLSchema">xs:string</con:type><con:default>${#Project#PlacesAPIKey}</con:default><con:path xsi:nil="true"/><con:description xsi:nil="true"/></con:parameter><con:parameter required="true"><con:name>format</con:name><con:value>json</con:value><con:style>TEMPLATE</con:style><con:type xmlns:xs="http://www.w3.org/2001/XMLSchema">xs:string</con:type><con:default>json</con:default><con:path xsi:nil="true"/><con:option>json</con:option><con:option>xml</con:option><con:description xsi:nil="true"/></con:parameter><con:parameter><con:name>language</con:name><con:style>QUERY</con:style></con:parameter></con:parameters><con:method name="GET" method="GET" id="8d7eea84-716c-434d-9db1-f597b76346ba"><con:settings/><con:parameters/><con:representation type="RESPONSE"><con:mediaType>application/json; charset=UTF-8</con:mediaType><con:status>200</con:status><con:params/><con:element xmlns:json="https://maps.googleapis.com/maps/api/place/details/json">json:Response</con:element></con:representation><con:representation type="RESPONSE"><con:mediaType>application/xml; charset=UTF-8</con:mediaType><con:status>200</con:status><con:params/><con:element>PlaceDetailsResponse</con:element></con:representation><con:request name="Sample Details Request" mediaType="application/xml" id="f080c044-f5d3-4ee7-ae7b-474a65dff6cd"><con:settings><con:setting id="com.eviware.soapui.impl.wsdl.WsdlRequest@request-headers">&lt;xml-fragment/></con:setting></con:settings><con:endpoint>https://maps.googleapis.com</con:endpoint><con:request/><con:credentials><con:selectedAuthProfile>Basic</con:selectedAuthProfile><con:authType>Global HTTP Settings</con:authType></con:credentials><con:jmsConfig JMSDeliveryMode="PERSISTENT"/><con:jmsPropertyConfig/><con:parameters>
  <con:entry key="sensor" value="false"/>
  <con:entry key="reference" value="CmRYAAAAciqGsTRX1mXRvuXSH2ErwW-jCINE1aLiwP64MCWDN5vkXvXoQGPKldMfmdGyqWSpm7BEYCgDm-iv7Kc2PF7QA7brMAwBbAcqMr5i1f4PwTpaovIZjysCEZTry8Ez30wpEhCNCXpynextCld2EBsDkRKsGhSLayuRyFsex6JA6NPh9dyupoTH3g"/>
</con:parameters></con:request></con:method></con:resource><con:resource name="autocomplete" path="/autocomplete/{format}" id="ddcd974c-6ba3-4f2d-bc80-9e887332c043"><con:settings/><con:parameters><con:parameter required="true"><con:name>input</con:name><con:value/><con:style>QUERY</con:style><con:type xmlns:xs="http://www.w3.org/2001/XMLSchema">xs:string</con:type><con:default/><con:path xsi:nil="true"/><con:description xsi:nil="true"/></con:parameter><con:parameter><con:name>types</con:name><con:value/><con:style>QUERY</con:style><con:type xmlns:xs="http://www.w3.org/2001/XMLSchema">xs:string</con:type><con:default/><con:path xsi:nil="true"/><con:option>geocode</con:option><con:option>establishment</con:option><con:option>regions</con:option><con:option>cities</con:option><con:description xsi:nil="true"/></con:parameter><con:parameter><con:name>location</con:name><con:value/><con:style>QUERY</con:style><con:type xmlns:xs="http://www.w3.org/2001/XMLSchema">xs:string</con:type><con:default/><con:path xsi:nil="true"/><con:description xsi:nil="true"/></con:parameter><con:parameter><con:name>radius</con:name><con:value/><con:style>QUERY</con:style><con:type xmlns:xs="http://www.w3.org/2001/XMLSchema">xs:string</con:type><con:default/><con:path xsi:nil="true"/><con:description xsi:nil="true"/></con:parameter><con:parameter required="true"><con:name>sensor</con:name><con:value>false</con:value><con:style>QUERY</con:style><con:type xmlns:xs="http://www.w3.org/2001/XMLSchema">xs:boolean</con:type><con:default>false</con:default><con:path xsi:nil="true"/><con:description xsi:nil="true"/></con:parameter><con:parameter required="true"><con:name>key</con:name><con:value>${#Project#PlacesAPIKey}</con:value><con:style>QUERY</con:style><con:type xmlns:xs="http://www.w3.org/2001/XMLSchema">xs:string</con:type><con:default>${#Project#PlacesAPIKey}</con:default><con:path xsi:nil="true"/><con:description xsi:nil="true"/></con:parameter><con:parameter required="true"><con:name>format</con:name><con:value>json</con:value><con:style>TEMPLATE</con:style><con:type xmlns:xs="http://www.w3.org/2001/XMLSchema">xs:string</con:type><con:default>json</con:default><con:path xsi:nil="true"/><con:option>json</con:option><con:option>xml</con:option><con:description xsi:nil="true"/></con:parameter><con:parameter><con:name>offset</con:name><con:value/><con:style>QUERY</con:style><con:default/></con:parameter><con:parameter><con:name>components</con:name><con:value/><con:style>QUERY</con:style><con:default/></con:parameter><con:parameter><con:name>language</con:name><con:value/><con:style>QUERY</con:style><con:default/></con:parameter></con:parameters><con:method name="GET" method="GET" id="3ef3c7a3-dade-4173-bb3c-130e8825bbf4"><con:settings/><con:parameters/><con:representation type="RESPONSE"><con:mediaType>application/json; charset=UTF-8</con:mediaType><con:status>200</con:status><con:params/><con:element xmlns:json="https://maps.googleapis.com/maps/api/place/autocomplete/json">json:Response</con:element></con:representation><con:request name="Sample Request" mediaType="application/xml" id="c8b344a3-bde5-48d6-bab7-4236cd5622af"><con:settings><con:setting id="com.eviware.soapui.impl.wsdl.WsdlRequest@request-headers">&lt;xml-fragment/></con:setting></con:settings><con:endpoint>https://maps.googleapis.com</con:endpoint><con:request/><con:credentials><con:selectedAuthProfile>Basic</con:selectedAuthProfile><con:authType>Global HTTP Settings</con:authType></con:credentials><con:jmsConfig JMSDeliveryMode="PERSISTENT"/><con:jmsPropertyConfig/><con:parameters>
  <con:entry key="sensor" value="true"/>
  <con:entry key="input" value="Amoeba"/>
  <con:entry key="location" value="37.76999,-122.44696"/>
  <con:entry key="radius" value="500"/>
  <con:entry key="types" value="establishment"/>
</con:parameters></con:request><con:request name="Sample Request in French" mediaType="application/xml" id="f2f5bee8-4904-4fc1-9664-a334ca4827f2"><con:settings><con:setting id="com.eviware.soapui.impl.wsdl.WsdlRequest@request-headers">&lt;xml-fragment/></con:setting></con:settings><con:endpoint>https://maps.googleapis.com</con:endpoint><con:request/><con:credentials><con:selectedAuthProfile>Basic</con:selectedAuthProfile><con:authType>Global HTTP Settings</con:authType></con:credentials><con:jmsConfig JMSDeliveryMode="PERSISTENT"/><con:jmsPropertyConfig/><con:parameters>
  <con:entry key="input" value="Vict"/>
  <con:entry key="language" value="fr"/>
</con:parameters></con:request></con:method></con:resource><con:resource name="queryautocomplete" path="/queryautocomplete/{format}" id="913cb73e-14ef-4f5c-854b-1db5d8884801"><con:settings/><con:parameters><con:parameter required="true"><con:name>key</con:name><con:value>${#Project#PlacesAPIKey}</con:value><con:style>QUERY</con:style><con:type xmlns:xs="http://www.w3.org/2001/XMLSchema">xs:string</con:type><con:default>${#Project#PlacesAPIKey}</con:default><con:path xsi:nil="true"/><con:description xsi:nil="true"/></con:parameter><con:parameter required="true"><con:name>sensor</con:name><con:value>false</con:value><con:style>QUERY</con:style><con:type xmlns:xs="http://www.w3.org/2001/XMLSchema">xs:boolean</con:type><con:default>false</con:default><con:path xsi:nil="true"/><con:description xsi:nil="true"/></con:parameter><con:parameter required="true"><con:name>input</con:name><con:value/><con:style>QUERY</con:style><con:type xmlns:xs="http://www.w3.org/2001/XMLSchema">xs:string</con:type><con:default/><con:path xsi:nil="true"/><con:description xsi:nil="true"/></con:parameter><con:parameter required="true"><con:name>format</con:name><con:value>json</con:value><con:style>TEMPLATE</con:style><con:type xmlns:xs="http://www.w3.org/2001/XMLSchema">xs:string</con:type><con:default>json</con:default><con:path xsi:nil="true"/><con:option>json</con:option><con:option>xml</con:option><con:description xsi:nil="true"/></con:parameter><con:parameter><con:name>offset</con:name><con:value/><con:style>QUERY</con:style><con:default/></con:parameter><con:parameter><con:name>location</con:name><con:value/><con:style>QUERY</con:style><con:default/></con:parameter><con:parameter><con:name>radius</con:name><con:value/><con:style>QUERY</con:style><con:default/></con:parameter><con:parameter><con:name>language</con:name><con:value/><con:style>QUERY</con:style><con:default/></con:parameter></con:parameters><con:method name="GET" method="GET" id="0c70dbfe-bf73-44ea-8b51-1871b87e288f"><con:settings/><con:parameters/><con:representation type="RESPONSE"><con:mediaType>application/json; charset=UTF-8</con:mediaType><con:status>200</con:status><con:params/><con:element xmlns:json="https://maps.googleapis.com/maps/api/place/queryautocomplete/json">json:Response</con:element></con:representation><con:request name="Sample Request" mediaType="application/xml" id="e49838b5-0c16-4dca-8856-af61791cead9"><con:settings><con:setting id="com.eviware.soapui.impl.wsdl.WsdlRequest@request-headers">&lt;xml-fragment/></con:setting></con:settings><con:endpoint>https://maps.googleapis.com</con:endpoint><con:request/><con:credentials><con:selectedAuthProfile>Basic</con:selectedAuthProfile><con:authType>Global HTTP Settings</con:authType></con:credentials><con:jmsConfig JMSDeliveryMode="PERSISTENT"/><con:jmsPropertyConfig/><con:parameters><entry key="input" value="Pizza near Par" xmlns="http://eviware.com/soapui/config"/></con:parameters></con:request><con:request name="Sample Request in French" mediaType="application/xml" id="dc2fe49a-db4d-4273-9926-ed3265a37ec6"><con:settings><con:setting id="com.eviware.soapui.impl.wsdl.WsdlRequest@request-headers">&lt;xml-fragment/></con:setting></con:settings><con:endpoint>https://maps.googleapis.com</con:endpoint><con:request/><con:credentials><con:selectedAuthProfile>Basic</con:selectedAuthProfile><con:authType>Global HTTP Settings</con:authType></con:credentials><con:jmsConfig JMSDeliveryMode="PERSISTENT"/><con:jmsPropertyConfig/><con:parameters>
  <con:entry key="input" value="Pizza near Par"/>
  <con:entry key="language" value="fr"/>
</con:parameters></con:request></con:method></con:resource></con:interface><con:testSuite name="Elevation API TestSuite" id="5368c528-b028-4cd7-9aa5-6ecca63469b6"><con:settings/><con:savedRecentRuns>1</con:savedRecentRuns><con:runType>SEQUENTIAL</con:runType><con:testCase failOnError="true" failTestCaseOnErrors="true" keepSession="false" maxResults="0" name="Simple Tests" searchProperties="true" id="a268648f-bcfa-4147-af49-77a38fcae8f5"><con:description>Elevation API samples:
- First request validates that the response elevation for a specified location is correct
- Second request specifies multiple locations and validates that the corresponding response elevations are correct
- Third request specifies a path fo locations and validates the response elevations.

see https://developers.google.com/maps/documentation/elevation/</con:description><con:settings/><con:testStep type="properties" name="Latitude_Longitude" id="f101d08c-0de2-4ce7-8424-f752e82a4ec3"><con:settings/><con:config xsi:type="con:PropertiesStep" saveFirst="true" xmlns:xsi="http://www.w3.org/2001/XMLSchema-instance"><con:properties><con:property><con:name>latitudelongitude</con:name><con:value>39.7391536,-104.9847034</con:value></con:property></con:properties></con:config></con:testStep><con:testStep type="restrequest" name="GET - Sample Request" id="3e19ff83-a0b2-4be3-ba04-6efe32a55eda"><con:settings/><con:config service="Elevation API" resourcePath="/maps/api/elevation/{format}" methodName="GET" xsi:type="con:RestRequestStep" xmlns:xsi="http://www.w3.org/2001/XMLSchema-instance"><con:restRequest name="GET - Sample Request" mediaType="application/xml" id="aa0068c5-8825-4b70-8b28-4745c7151234"><con:settings><con:setting id="com.eviware.soapui.impl.wsdl.WsdlRequest@request-headers">&lt;xml-fragment/></con:setting></con:settings><con:endpoint>http://maps.googleapis.com</con:endpoint><con:request/><con:originalUri>http://maps.googleapis.com/maps/api/elevation/json</con:originalUri><con:assertion type="XPath Match" name="Match content of [results]" id="188ce73c-a778-4424-8f13-b088fa08c607"><con:configuration><path>declare namespace ns1='http://maps.googleapis.com/maps/api/elevation/json';
//ns1:Response[1]/ns1:results[1]/ns1:e[1]/ns1:elevation[1]</path><content>1608.637939453125</content><allowWildcards>false</allowWildcards><ignoreNamspaceDifferences>false</ignoreNamspaceDifferences><ignoreComments>false</ignoreComments></con:configuration></con:assertion><con:assertion type="Simple Contains" id="6a5e645f-a1bb-4d97-a338-425925946f5c" name="Contains_Elevation"><con:configuration><token>1608.637939453125</token><ignoreCase>false</ignoreCase><useRegEx>false</useRegEx></con:configuration></con:assertion><con:assertion type="Valid HTTP Status Codes" id="0c95144f-799a-4171-b311-f0219d0e6a87" name="Valid HTTP Status Codes"><con:settings/><con:configuration><codes>200
</codes></con:configuration></con:assertion><con:credentials><con:selectedAuthProfile>Basic</con:selectedAuthProfile><con:addedBasicAuthenticationTypes>Basic</con:addedBasicAuthenticationTypes><con:authType>Global HTTP Settings</con:authType></con:credentials><con:jmsConfig JMSDeliveryMode="PERSISTENT"/><con:jmsPropertyConfig/><con:parameters>
  <con:entry key="sensor" value="false"/>
  <con:entry key="locations" value="${Latitude_Longitude#latitudelongitude}"/>
</con:parameters></con:restRequest></con:config></con:testStep><con:testStep type="groovy" name="Fetch_SingleResponse_Latitude_Longitude" id="a1ab28ec-f361-4ad8-bd30-13425c2cc553"><con:settings/><con:config><script>import groovy.json.JsonSlurper
import groovy.json.JsonBuilder
import groovy.json.JsonOutput

def responseContent = testRunner.testCase.getTestStepByName("GET - Sample Request").getPropertyValue("response")
def response = new JsonSlurper().parseText(responseContent)
log.info(response)

def lat = new JsonOutput().toJson(response.results.location.lat.get(0));
log.info ("   "+"Latitude ="+"   "+lat)

com.eviware.soapui.SoapUI.globalProperties.setPropertyValue('singlelatitude', lat);


def lng = new JsonOutput().toJson(response.results.location.lng.get(0));
log.info ("   "+"Longitude ="+"   "+lng)

com.eviware.soapui.SoapUI.globalProperties.setPropertyValue('singlelongitude', lng);</script></con:config></con:testStep><con:testStep type="restrequest" name="GET - Sample Request - Multiple Responses" id="bc68d444-3b53-4524-a71f-4ec8560977e1"><con:settings/><con:config service="Elevation API" resourcePath="/maps/api/elevation/{format}" methodName="GET" xsi:type="con:RestRequestStep" xmlns:xsi="http://www.w3.org/2001/XMLSchema-instance"><con:restRequest name="GET - Sample Request - Multiple Responses" mediaType="application/xml" id="30c7e625-cac9-4a6a-b7fa-53e9d4787ea6"><con:settings><con:setting id="com.eviware.soapui.impl.wsdl.WsdlRequest@request-headers">&lt;xml-fragment/></con:setting></con:settings><con:endpoint>http://maps.googleapis.com</con:endpoint><con:request>39.7391536,-104.9847034</con:request><con:originalUri>http://maps.googleapis.com/maps/api/elevation/json</con:originalUri><con:assertion type="Simple Contains" id="9c1a5e4d-3e50-49b5-8351-27f49680312f" name="Contains"><con:configuration><token>-50.78903579711914</token><ignoreCase>false</ignoreCase><useRegEx>false</useRegEx></con:configuration></con:assertion><con:assertion type="Valid HTTP Status Codes" id="86c76c4d-0a06-4b99-8e6e-cf0939e13c28" name="Valid HTTP Status Codes"><con:settings/><con:configuration><codes>200</codes></con:configuration></con:assertion><con:credentials><con:selectedAuthProfile>Basic</con:selectedAuthProfile><con:addedBasicAuthenticationTypes>Basic</con:addedBasicAuthenticationTypes><con:authType>Global HTTP Settings</con:authType></con:credentials><con:jmsConfig JMSDeliveryMode="PERSISTENT"/><con:jmsPropertyConfig/><con:parameters>
  <con:entry key="sensor" value="false"/>
  <con:entry key="locations" value="39.7391536,-104.9847034|36.455556,-116.866667"/>
</con:parameters></con:restRequest></con:config></con:testStep><con:testStep type="groovy" name="Fetch_MultipleResponse_Latitude_Longitude" id="5efdb985-58eb-422d-9b89-1706ba61005b"><con:settings/><con:config><script>import groovy.json.JsonSlurper
import groovy.json.JsonBuilder
import groovy.json.JsonOutput

def responseContent = testRunner.testCase.getTestStepByName("GET - Sample Request - Multiple Responses").getPropertyValue("response")
def response = new JsonSlurper().parseText(responseContent)
log.info(response)

for(int i = 0; i  &lt; response.size(); i++)
{
	if ( response.results.get(i).elevation == -50.78903579711914) 
	{
		def lat = response.results.get(i).location.lat
		
		log.info("   "+"Lat = "+"   "+lat)
		
		def lng = response.results.get(i).location.lng
		
		log.info("   "+"Lng = "+"   "+lng)
		
          com.eviware.soapui.SoapUI.globalProperties.setPropertyValue( "multiplelatitude", lat.toString())
          
          com.eviware.soapui.SoapUI.globalProperties.setPropertyValue( "multiplelongitude", lng.toString())
	}
}
</script></con:config></con:testStep><con:testStep type="restrequest" name="GET - Path Elevation Sample" id="ffb4ff0b-1962-4749-81cb-a0dbd32dd8fe"><con:settings/><con:config service="Elevation API" resourcePath="/maps/api/elevation/{format}" methodName="GET" xsi:type="con:RestRequestStep" xmlns:xsi="http://www.w3.org/2001/XMLSchema-instance"><con:restRequest name="GET - Path Elevation Sample" mediaType="application/xml" id="4d430e59-c7ed-45af-a6d1-570ec3dd1493"><con:settings><con:setting id="com.eviware.soapui.impl.wsdl.WsdlRequest@request-headers">&lt;xml-fragment/></con:setting></con:settings><con:endpoint>http://maps.googleapis.com</con:endpoint><con:request>{
   "results" : [
      {
         "elevation" : 1608.637939453125,
         "location" : {
            "lat" : 39.7391536,
            "lng" : -104.9847034
         },
         "resolution" : 4.771975994110107
      }
   ],
   "status" : "OK"
}
</con:request><con:originalUri>http://maps.googleapis.com/maps/api/elevation/json</con:originalUri><con:assertion type="Simple Contains" id="746015a1-f3dc-40d5-bbab-3dbcf587e7ad" name="Contains"><con:configuration><token>4411.94189453125</token><ignoreCase>false</ignoreCase><useRegEx>false</useRegEx></con:configuration></con:assertion><con:assertion type="Valid HTTP Status Codes" id="d9f803d3-cf3a-4be6-8d95-ebd7b04faeb9" name="Valid HTTP Status Codes"><con:settings/><con:configuration><codes>200</codes></con:configuration></con:assertion><con:credentials><con:selectedAuthProfile>Basic</con:selectedAuthProfile><con:addedBasicAuthenticationTypes>Basic</con:addedBasicAuthenticationTypes><con:authType>Global HTTP Settings</con:authType></con:credentials><con:jmsConfig JMSDeliveryMode="PERSISTENT"/><con:jmsPropertyConfig/><con:parameters>
  <con:entry key="path" value="36.578581,-118.291994|36.23998,-116.83171"/>
  <con:entry key="sensor" value="false"/>
  <con:entry key="samples" value="3"/>
</con:parameters></con:restRequest></con:config></con:testStep><con:properties/><con:reportParameters/><con:breakPoints><con:testStepId>7282c292-414b-484f-8c73-ab6d4ebaac37</con:testStepId><con:status>NONE</con:status><con:properties/></con:breakPoints><con:breakPoints><con:testStepId>5efdb985-58eb-422d-9b89-1706ba61005b</con:testStepId><con:status>NONE</con:status><con:properties/></con:breakPoints></con:testCase><con:properties/><con:reportParameters/></con:testSuite><con:testSuite name="Time Zone API TestSuite" id="14fe4353-d781-4fa8-8938-349be4e1f640"><con:settings/><con:savedRecentRuns>1</con:savedRecentRuns><con:runType>SEQUENTIAL</con:runType><con:testCase failOnError="false" failTestCaseOnErrors="true" keepSession="false" maxResults="0" name="Simple Tests" searchProperties="true" id="7eb01803-12ae-4ad9-9ba2-baa9ce3a2811" timeout="0" wsrmEnabled="false" wsrmVersion="1.0" wsrmAckTo="" amfAuthorisation="false" amfEndpoint="" amfLogin="" amfPassword=""><con:description>Simple tests for validation the Timezone API - 
- First request validates that the correct timezone is returned for specified coordinates and time
- Second request validates that the correst DST offset is returned for specified coordindates and time
- Third request validates that the correct localized (spanish) response is returned.

see https://developers.google.com/maps/documentation/timezone/</con:description><con:settings/><con:savedRecentRuns>1</con:savedRecentRuns><con:testStep type="restrequest" name="GET - Sample Request" id="7199ed3d-ef07-4bea-a653-6d34a181eb52"><con:settings/><con:config service="Time Zone API" resourcePath="/maps/api/timezone/{format}" methodName="GET" xsi:type="con:RestRequestStep" xmlns:xsi="http://www.w3.org/2001/XMLSchema-instance"><con:restRequest name="GET - Sample Request" mediaType="application/xml" id="1b013aec-fb84-4742-ab99-8149789b7c56"><con:settings><con:setting id="com.eviware.soapui.impl.wsdl.WsdlRequest@request-headers">&lt;xml-fragment/></con:setting></con:settings><con:endpoint>https://maps.googleapis.com</con:endpoint><con:request/><con:originalUri>https://maps.googleapis.com/maps/api/timezone/json</con:originalUri><con:assertion type="Simple Contains" id="ab01502c-d542-42fc-8274-2eebdcabf8ad" name="Contains"><con:configuration><token>-28800</token><ignoreCase>false</ignoreCase><useRegEx>false</useRegEx></con:configuration></con:assertion><con:assertion type="Valid HTTP Status Codes" id="19f13ffa-d500-484e-97af-fff8d9370c71" name="Valid HTTP Status Codes"><con:settings/><con:configuration><codes>200</codes></con:configuration></con:assertion><con:credentials><con:selectedAuthProfile>Basic</con:selectedAuthProfile><con:addedBasicAuthenticationTypes>Basic</con:addedBasicAuthenticationTypes><con:authType>Global HTTP Settings</con:authType></con:credentials><con:jmsConfig JMSDeliveryMode="PERSISTENT"/><con:jmsPropertyConfig/><con:parameters>
  <con:entry key="location" value="${multiplelatitude},${multiplelongitude}"/>
  <con:entry key="timestamp" value="1331161200"/>
</con:parameters></con:restRequest></con:config></con:testStep><con:properties/><con:reportParameters/></con:testCase><con:properties/><con:reportParameters/></con:testSuite><con:testSuite id="b9647fe1-2625-4b73-b6a3-e6dd1ba6c5b1" name="DirectionsAPI _TestSuite"><con:settings/><con:runType>SEQUENTIAL</con:runType><con:testCase id="af2ac8d5-c9f2-4efa-a70c-ffee8b8073ef" failOnError="true" failTestCaseOnErrors="true" keepSession="false" maxResults="0" name="DirectionsAPI _TestCase" searchProperties="true"><con:settings/><con:testStep type="restrequest" name="get-SampleRequest" id="0e6fa923-9366-43b6-84c6-47b337daf313"><con:settings/><con:config service="Direction API" resourcePath="/maps/api/directions/{format}" methodName="GET" xsi:type="con:RestRequestStep" xmlns:xsi="http://www.w3.org/2001/XMLSchema-instance"><con:restRequest name="get-SampleRequest" mediaType="application/xml" id="dc834444-59d7-4769-816b-144cb240d880"><con:settings><con:setting id="com.eviware.soapui.impl.wsdl.WsdlRequest@request-headers">&lt;xml-fragment/></con:setting></con:settings><con:endpoint>http://maps.googleapis.com</con:endpoint><con:request/><con:originalUri>http://maps.googleapis.com/maps/api/directions/json</con:originalUri><con:assertion type="Simple NotContains" id="50772c5a-9734-48d3-a6c8-dbf2877e7918" name="Not ContainsRUNNING"><con:configuration><token>RUNNING</token><ignoreCase>false</ignoreCase><useRegEx>false</useRegEx></con:configuration></con:assertion><con:assertion type="Valid HTTP Status Codes" id="9066c306-2a92-43e9-9a23-b74f481bf639" name="Valid HTTP Status Codes"><con:configuration><codes>200</codes></con:configuration></con:assertion><con:assertion type="Simple Contains" id="3583e3de-e243-4c1d-b811-574bbfe62def" name="ContainsDRIVING"><con:configuration><token>DRIVING</token><ignoreCase>false</ignoreCase><useRegEx>false</useRegEx></con:configuration></con:assertion><con:credentials><con:selectedAuthProfile>Basic</con:selectedAuthProfile><con:authType>Global HTTP Settings</con:authType></con:credentials><con:jmsConfig JMSDeliveryMode="PERSISTENT"/><con:jmsPropertyConfig/><con:parameters>
  <con:entry key="sensor" value="false"/>
  <con:entry key="origin" value="${properties#Origin}"/>
  <con:entry key="destination" value="Montreal"/>
</con:parameters></con:restRequest></con:config></con:testStep><con:testStep type="properties" name="properties" id="8b525fb9-6df3-452f-b0cf-2339edeab65e"><con:settings/><con:config xsi:type="con:PropertiesStep" saveFirst="true" xmlns:xsi="http://www.w3.org/2001/XMLSchema-instance"><con:properties><con:property><con:name>Origin</con:name><con:value>Toronto</con:value></con:property></con:properties></con:config></con:testStep><con:testStep type="restrequest" name="get-SampleRequest-no highways" id="9fe585ae-7558-4f24-b815-467ab5e665d8"><con:settings/><con:config service="Direction API" resourcePath="/maps/api/directions/{format}" methodName="GET" xsi:type="con:RestRequestStep" xmlns:xsi="http://www.w3.org/2001/XMLSchema-instance"><con:restRequest name="get-SampleRequest-no highways" mediaType="application/xml" id="e6e727fa-f7fa-45be-a752-e9e0779e209e"><con:settings><con:setting id="com.eviware.soapui.impl.wsdl.WsdlRequest@request-headers">&lt;xml-fragment/></con:setting></con:settings><con:endpoint>http://maps.googleapis.com</con:endpoint><con:request/><con:originalUri>http://maps.googleapis.com/maps/api/directions/json</con:originalUri><con:assertion type="Simple Contains" id="0ff609b2-de7d-4653-99ec-77550c666c1f" name="ContainsBICYCLING"><con:configuration><token>BICYCLING</token><ignoreCase>false</ignoreCase><useRegEx>false</useRegEx></con:configuration></con:assertion><con:assertion type="Simple NotContains" id="d4cc9a82-e968-436b-adf8-1ff35709307c" name="Not ContainsDRIVINGGG"><con:configuration><token>DRIVINGGG</token><ignoreCase>false</ignoreCase><useRegEx>false</useRegEx></con:configuration></con:assertion><con:assertion type="Valid HTTP Status Codes" id="13a1d39f-cf9b-44ba-880f-74ba1bac3028" name="Valid HTTP Status Codes"><con:configuration><codes>200</codes></con:configuration></con:assertion><con:credentials><con:selectedAuthProfile>Basic</con:selectedAuthProfile><con:authType>Global HTTP Settings</con:authType></con:credentials><con:jmsConfig JMSDeliveryMode="PERSISTENT"/><con:jmsPropertyConfig/><con:parameters>
  <con:entry key="sensor" value="false"/>
  <con:entry key="avoid" value="highways"/>
  <con:entry key="origin" value="${properties#Origin}"/>
  <con:entry key="mode" value="bicycling"/>
  <con:entry key="destination" value="${dest}"/>
</con:parameters></con:restRequest></con:config></con:testStep><con:testStep type="groovy" name="DirectionsAPI" id="f53f0e18-72dd-45a8-80f8-89b6d58a6a6c"><con:settings/><con:config><script>import groovy.xml.*
def dest= "Montreal"
log.info (dest)
com.eviware.soapui.SoapUI.globalProperties.setPropertyValue("dest",dest)</script></con:config></con:testStep><con:testStep type="restrequest" name="get-transit _time" id="1dc2e9bc-693b-4c87-8873-05bc0253ae91"><con:settings/><con:config service="Direction API" resourcePath="/maps/api/directions/{format}" methodName="GET" xsi:type="con:RestRequestStep" xmlns:xsi="http://www.w3.org/2001/XMLSchema-instance"><con:restRequest name="get-transit _time" mediaType="application/xml" id="7175148f-7d74-4fb1-846e-90ad6b22d131"><con:settings><con:setting id="com.eviware.soapui.impl.wsdl.WsdlRequest@request-headers">&lt;xml-fragment/></con:setting></con:settings><con:endpoint>http://maps.googleapis.com</con:endpoint><con:request/><con:originalUri>http://maps.googleapis.com/maps/api/directions/xml</con:originalUri><con:assertion type="Simple Contains" id="a48aa93e-939c-4499-b2d5-69f6872f62e5" name="ContainsWALKING"><con:configuration><token>WALKING</token><ignoreCase>false</ignoreCase><useRegEx>false</useRegEx></con:configuration></con:assertion><con:assertion type="Simple NotContains" id="d35bf400-87d8-4130-8bb1-f17d53c2a87b" name="Not ContainsJUMPING"><con:configuration><token>JUMPING</token><ignoreCase>false</ignoreCase><useRegEx>false</useRegEx></con:configuration></con:assertion><con:assertion type="Valid HTTP Status Codes" id="e658f373-199f-4e77-bd6a-cd02b5d7ae8c" name="Valid HTTP Status Codes"><con:configuration><codes>200</codes></con:configuration></con:assertion><con:credentials><con:selectedAuthProfile>Basic</con:selectedAuthProfile><con:authType>Global HTTP Settings</con:authType></con:credentials><con:jmsConfig JMSDeliveryMode="PERSISTENT"/><con:jmsPropertyConfig/><con:parameters>
  <con:entry key="sensor" value="false"/>
  <con:entry key="departure_time" value="${=(int)new java.util.Date().time/1000}"/>
  <con:entry key="origin" value="Brooklyn"/>
  <con:entry key="mode" value="transit"/>
  <con:entry key="destination" value="Queens"/>
</con:parameters></con:restRequest></con:config></con:testStep><con:testStep type="groovy" name="FetchResponse_Transit_Time" id="5e002b82-05d8-45e5-866b-c0eaab1b75e7"><con:settings/><con:config><script>import groovy.json.JsonSlurper
import groovy.json.JsonBuilder
import groovy.json.JsonOutput

def responseContent = testRunner.testCase.getTestStepByName("get-transit _time").getPropertyValue("response")
def response = new JsonSlurper().parseText(responseContent)
log.info(response)

def lat = new JsonOutput().toJson(response.routes.bounds.northeast.lat.get(0))
log.info("  "+"Lattitude = " +lat)

com.eviware.soapui.SoapUI.globalProperties.setPropertyValue("singlelattitude",lat)

def lng = new JsonOutput().toJson(response.routes.bounds.northeast.lng.get(0))
log.info("  "+"Longitude = " +lng)

com.eviware.soapui.SoapUI.globalProperties.setPropertyValue("singlelongitude",lng)</script></con:config></con:testStep><con:testStep type="restrequest" name="get-distance matrix" id="36b3a8a9-8e1b-41ec-9cc3-c52b89a87c07"><con:settings/><con:config service="Distance Matrix API" resourcePath="/maps/api/distancematrix/{format}" methodName="GET" xsi:type="con:RestRequestStep" xmlns:xsi="http://www.w3.org/2001/XMLSchema-instance"><con:restRequest name="get-distance matrix" mediaType="application/xml" id="723fa7d7-bdc9-4706-9f59-34a6153ffadb"><con:settings><con:setting id="com.eviware.soapui.impl.wsdl.WsdlRequest@request-headers">&lt;xml-fragment/></con:setting></con:settings><con:endpoint>http://maps.googleapis.com</con:endpoint><con:request/><con:originalUri>http://maps.googleapis.com/maps/api/distancematrix/json</con:originalUri><con:assertion type="Simple Contains" id="cae51139-bbb4-4826-83ce-09f4c616df2d" name="ContainsAustralia"><con:configuration><token>Australia</token><ignoreCase>false</ignoreCase><useRegEx>false</useRegEx></con:configuration></con:assertion><con:assertion type="Simple NotContains" id="a33b9f48-db3c-4c11-aeac-385619cc22ad" name="Not ContainsSweden"><con:configuration><token>Sweden</token><ignoreCase>false</ignoreCase><useRegEx>false</useRegEx></con:configuration></con:assertion><con:assertion type="Valid HTTP Status Codes" id="5dc523bc-58cc-48db-b856-7ee8b7fc8769" name="Valid HTTP Status Codes"><con:configuration><codes>200</codes></con:configuration></con:assertion><con:credentials><con:selectedAuthProfile>Basic</con:selectedAuthProfile><con:authType>Global HTTP Settings</con:authType></con:credentials><con:jmsConfig JMSDeliveryMode="PERSISTENT"/><con:jmsPropertyConfig/><con:parameters>
  <con:entry key="sensor" value="false"/>
  <con:entry key="destinations" value="Darling Harbour NSW Australia|24 Sussex Drive Ottawa ON|Capitola CA"/>
  <con:entry key="origins" value="Bobcaygeon ON|${singlelattitude},${singlelongitude}"/>
</con:parameters></con:restRequest></con:config></con:testStep><con:properties/></con:testCase><con:properties/></con:testSuite><con:requirements/><con:properties><con:property><con:name>PlacesAPIKey</con:name><con:value/></con:property></con:properties><con:wssContainer/><con:databaseConnectionContainer/><con:oAuth2ProfileContainer/><con:reporting><con:reportTemplates/><con:xmlTemplates/><con:parameters/></con:reporting><con:sensitiveInformation/><con:authRepository/><con:tags/></con:soapui-project>