<?xml version="1.0" encoding="UTF-8"?>
<con:soapui-project id="7c0a3e8b-9140-409c-aaa3-fc3eca4a04c1" activeEnvironment="Default" name="CountryDetails" resourceRoot="${projectDir}" soapui-version="5.2.1" abortOnError="false" runType="SEQUENTIAL" xmlns:con="http://eviware.com/soapui/config"><con:settings/><con:interface xsi:type="con:WsdlInterface" id="460291a7-de2b-498c-8efc-abe650b2c1da" wsaVersion="NONE" name="countrySoap" type="wsdl" bindingName="{http://www.webserviceX.NET}countrySoap" soapVersion="1_1" anonymous="optional" definition="http://www.webservicex.net/country.asmx?wsdl" xmlns:xsi="http://www.w3.org/2001/XMLSchema-instance"><con:settings/><con:definitionCache/><con:endpoints><con:endpoint>http://www.webservicex.net/country.asmx</con:endpoint></con:endpoints><con:operation id="13310a6e-76c2-45a0-b057-42fd4c9b7acd" isOneWay="false" action="http://www.webserviceX.NET/GetCountries" name="GetCountries" bindingOperationName="GetCountries" type="Request-Response" inputName="" receivesAttachments="false" sendsAttachments="false" anonymous="optional"><con:settings/><con:call id="06540db6-307f-48d0-838d-e68bf714f0fc" name="Request 1"><con:settings/><con:encoding>UTF-8</con:encoding><con:endpoint>http://www.webservicex.net/country.asmx</con:endpoint><con:request><![CDATA[<soapenv:Envelope xmlns:soapenv="http://schemas.xmlsoap.org/soap/envelope/" xmlns:web="http://www.webserviceX.NET">\r
   <soapenv:Header/>\r
   <soapenv:Body>\r
      <web:GetCountries/>\r
   </soapenv:Body>\r
</soapenv:Envelope>]]></con:request><con:wsaConfig mustUnderstand="NONE" version="200508" action="http://www.webserviceX.NET/GetCountries"/></con:call></con:operation><con:operation id="41f7789d-0424-4801-86bc-6a33964a094f" isOneWay="false" action="http://www.webserviceX.NET/GetCountryByCountryCode" name="GetCountryByCountryCode" bindingOperationName="GetCountryByCountryCode" type="Request-Response" inputName="" receivesAttachments="false" sendsAttachments="false" anonymous="optional"><con:settings/><con:call id="e1bd0e4b-df4e-4350-89c3-5dc9be97c369" name="Request 1"><con:settings/><con:encoding>UTF-8</con:encoding><con:endpoint>http://www.webservicex.net/country.asmx</con:endpoint><con:request><![CDATA[<soapenv:Envelope xmlns:soapenv="http://schemas.xmlsoap.org/soap/envelope/" xmlns:web="http://www.webserviceX.NET">\r
   <soapenv:Header/>\r
   <soapenv:Body>\r
      <web:GetCountryByCountryCode>\r
         <!--Optional:-->\r
         <web:CountryCode>?</web:CountryCode>\r
      </web:GetCountryByCountryCode>\r
   </soapenv:Body>\r
</soapenv:Envelope>]]></con:request><con:wsaConfig mustUnderstand="NONE" version="200508" action="http://www.webserviceX.NET/GetCountryByCountryCode"/></con:call></con:operation><con:operation id="dfb5d63e-ef6b-4b25-8daa-58f62c3d27ce" isOneWay="false" action="http://www.webserviceX.NET/GetCountryByCurrencyCode" name="GetCountryByCurrencyCode" bindingOperationName="GetCountryByCurrencyCode" type="Request-Response" inputName="" receivesAttachments="false" sendsAttachments="false" anonymous="optional"><con:settings/><con:call id="a0fe26ef-97a7-4fa5-980d-c2b3424b3301" name="Request 1"><con:settings/><con:encoding>UTF-8</con:encoding><con:endpoint>http://www.webservicex.net/country.asmx</con:endpoint><con:request><![CDATA[<soapenv:Envelope xmlns:soapenv="http://schemas.xmlsoap.org/soap/envelope/" xmlns:web="http://www.webserviceX.NET">\r
   <soapenv:Header/>\r
   <soapenv:Body>\r
      <web:GetCountryByCurrencyCode>\r
         <!--Optional:-->\r
         <web:CurrencyCode>?</web:CurrencyCode>\r
      </web:GetCountryByCurrencyCode>\r
   </soapenv:Body>\r
</soapenv:Envelope>]]></con:request><con:wsaConfig mustUnderstand="NONE" version="200508" action="http://www.webserviceX.NET/GetCountryByCurrencyCode"/></con:call></con:operation><con:operation id="13e6eb60-e2cb-4c8d-9a25-571258b90e04" isOneWay="false" action="http://www.webserviceX.NET/GetCurrencies" name="GetCurrencies" bindingOperationName="GetCurrencies" type="Request-Response" inputName="" receivesAttachments="false" sendsAttachments="false" anonymous="optional"><con:settings/><con:call id="b1280936-327b-4a9e-8ffd-644c8e196cd4" name="Request 1"><con:settings/><con:encoding>UTF-8</con:encoding><con:endpoint>http://www.webservicex.net/country.asmx</con:endpoint><con:request><![CDATA[<soapenv:Envelope xmlns:soapenv="http://schemas.xmlsoap.org/soap/envelope/" xmlns:web="http://www.webserviceX.NET">\r
   <soapenv:Header/>\r
   <soapenv:Body>\r
      <web:GetCurrencies/>\r
   </soapenv:Body>\r
</soapenv:Envelope>]]></con:request><con:wsaConfig mustUnderstand="NONE" version="200508" action="http://www.webserviceX.NET/GetCurrencies"/></con:call></con:operation><con:operation id="6a8f27d8-e158-45f3-b252-a4de7c33b764" isOneWay="false" action="http://www.webserviceX.NET/GetCurrencyByCountry" name="GetCurrencyByCountry" bindingOperationName="GetCurrencyByCountry" type="Request-Response" inputName="" receivesAttachments="false" sendsAttachments="false" anonymous="optional"><con:settings/><con:call id="a0eec55f-16e9-49c3-addf-328fe7295007" name="Request 1"><con:settings/><con:encoding>UTF-8</con:encoding><con:endpoint>http://www.webservicex.net/country.asmx</con:endpoint><con:request><![CDATA[<soapenv:Envelope xmlns:soapenv="http://schemas.xmlsoap.org/soap/envelope/" xmlns:web="http://www.webserviceX.NET">\r
   <soapenv:Header/>\r
   <soapenv:Body>\r
      <web:GetCurrencyByCountry>\r
         <!--Optional:-->\r
         <web:CountryName>?</web:CountryName>\r
      </web:GetCurrencyByCountry>\r
   </soapenv:Body>\r
</soapenv:Envelope>]]></con:request><con:wsaConfig mustUnderstand="NONE" version="200508" action="http://www.webserviceX.NET/GetCurrencyByCountry"/></con:call></con:operation><con:operation id="b4fee1af-1c57-4e3a-8b42-bde8bcf854f3" isOneWay="false" action="http://www.webserviceX.NET/GetCurrencyCode" name="GetCurrencyCode" bindingOperationName="GetCurrencyCode" type="Request-Response" inputName="" receivesAttachments="false" sendsAttachments="false" anonymous="optional"><con:settings/><con:call id="9b5a5b8a-e0b9-47d7-ba88-fbd75bcbc1f8" name="Request 1"><con:settings/><con:encoding>UTF-8</con:encoding><con:endpoint>http://www.webservicex.net/country.asmx</con:endpoint><con:request><![CDATA[<soapenv:Envelope xmlns:soapenv="http://schemas.xmlsoap.org/soap/envelope/" xmlns:web="http://www.webserviceX.NET">\r
   <soapenv:Header/>\r
   <soapenv:Body>\r
      <web:GetCurrencyCode/>\r
   </soapenv:Body>\r
</soapenv:Envelope>]]></con:request><con:wsaConfig mustUnderstand="NONE" version="200508" action="http://www.webserviceX.NET/GetCurrencyCode"/></con:call></con:operation><con:operation id="58af4d02-7fb8-43f0-9ae4-81e718318e15" isOneWay="false" action="http://www.webserviceX.NET/GetCurrencyCodeByCurrencyName" name="GetCurrencyCodeByCurrencyName" bindingOperationName="GetCurrencyCodeByCurrencyName" type="Request-Response" inputName="" receivesAttachments="false" sendsAttachments="false" anonymous="optional"><con:settings/><con:call id="45a0dd8c-12f3-4d8f-bade-7496d822db23" name="Request 1"><con:settings/><con:encoding>UTF-8</con:encoding><con:endpoint>http://www.webservicex.net/country.asmx</con:endpoint><con:request><![CDATA[<soapenv:Envelope xmlns:soapenv="http://schemas.xmlsoap.org/soap/envelope/" xmlns:web="http://www.webserviceX.NET">\r
   <soapenv:Header/>\r
   <soapenv:Body>\r
      <web:GetCurrencyCodeByCurrencyName>\r
         <!--Optional:-->\r
         <web:CurrencyName>?</web:CurrencyName>\r
      </web:GetCurrencyCodeByCurrencyName>\r
   </soapenv:Body>\r
</soapenv:Envelope>]]></con:request><con:wsaConfig mustUnderstand="NONE" version="200508" action="http://www.webserviceX.NET/GetCurrencyCodeByCurrencyName"/></con:call></con:operation><con:operation id="be2998ba-aa3f-431f-99ed-aa89fd8f7207" isOneWay="false" action="http://www.webserviceX.NET/GetGMTbyCountry" name="GetGMTbyCountry" bindingOperationName="GetGMTbyCountry" type="Request-Response" inputName="" receivesAttachments="false" sendsAttachments="false" anonymous="optional"><con:settings/><con:call id="77680c52-3bf4-4638-9eae-b499790da73f" name="Request 1"><con:settings/><con:encoding>UTF-8</con:encoding><con:endpoint>http://www.webservicex.net/country.asmx</con:endpoint><con:request><![CDATA[<soapenv:Envelope xmlns:soapenv="http://schemas.xmlsoap.org/soap/envelope/" xmlns:web="http://www.webserviceX.NET">\r
   <soapenv:Header/>\r
   <soapenv:Body>\r
      <web:GetGMTbyCountry>\r
         <!--Optional:-->\r
         <web:CountryName>?</web:CountryName>\r
      </web:GetGMTbyCountry>\r
   </soapenv:Body>\r
</soapenv:Envelope>]]></con:request><con:credentials><con:authType>No Authorization</con:authType></con:credentials><con:jmsConfig JMSDeliveryMode="PERSISTENT"/><con:jmsPropertyConfig/><con:wsaConfig mustUnderstand="NONE" version="200508" action="http://www.webserviceX.NET/GetGMTbyCountry"/><con:wsrmConfig version="1.2"/></con:call></con:operation><con:operation id="7cad5638-056b-486b-84f8-6bd84e56c412" isOneWay="false" action="http://www.webserviceX.NET/GetISD" name="GetISD" bindingOperationName="GetISD" type="Request-Response" inputName="" receivesAttachments="false" sendsAttachments="false" anonymous="optional"><con:settings/><con:call id="bef92b5b-279f-49a3-8877-23f2c1130487" name="Request 1"><con:settings/><con:encoding>UTF-8</con:encoding><con:endpoint>http://www.webservicex.net/country.asmx</con:endpoint><con:request><![CDATA[<soapenv:Envelope xmlns:soapenv="http://schemas.xmlsoap.org/soap/envelope/" xmlns:web="http://www.webserviceX.NET">\r
   <soapenv:Header/>\r
   <soapenv:Body>\r
      <web:GetISD>\r
         <!--Optional:-->\r
         <web:CountryName>?</web:CountryName>\r
      </web:GetISD>\r
   </soapenv:Body>\r
</soapenv:Envelope>]]></con:request><con:wsaConfig mustUnderstand="NONE" version="200508" action="http://www.webserviceX.NET/GetISD"/></con:call></con:operation><con:operation id="56e186c4-2e2b-491f-b3bf-337e3c043f1b" isOneWay="false" action="http://www.webserviceX.NET/GetISOCountryCodeByCountyName" name="GetISOCountryCodeByCountyName" bindingOperationName="GetISOCountryCodeByCountyName" type="Request-Response" inputName="" receivesAttachments="false" sendsAttachments="false" anonymous="optional"><con:settings/><con:call id="4fa8e07c-85ec-496c-bf37-f849c814d8bb" name="Request 1"><con:settings/><con:encoding>UTF-8</con:encoding><con:endpoint>http://www.webservicex.net/country.asmx</con:endpoint><con:request><![CDATA[<soapenv:Envelope xmlns:soapenv="http://schemas.xmlsoap.org/soap/envelope/" xmlns:web="http://www.webserviceX.NET">\r
   <soapenv:Header/>\r
   <soapenv:Body>\r
      <web:GetISOCountryCodeByCountyName>\r
         <!--Optional:-->\r
         <web:CountryName>?</web:CountryName>\r
      </web:GetISOCountryCodeByCountyName>\r
   </soapenv:Body>\r
</soapenv:Envelope>]]></con:request><con:wsaConfig mustUnderstand="NONE" version="200508" action="http://www.webserviceX.NET/GetISOCountryCodeByCountyName"/></con:call></con:operation></con:interface><con:testSuite id="3d1a8219-d921-44d9-96f1-690859bed5e4" name="CountryDetails"><con:settings/><con:runType>SEQUENTIAL</con:runType><con:testCase id="e16aaf47-b0ac-487e-bcee-de89f9e4c3bf" failOnError="true" failTestCaseOnErrors="true" keepSession="false" maxResults="0" name="CountryInfo" searchProperties="true"><con:settings/><con:testStep type="request" name="GetCountries" id="32f54bb7-f313-494b-a905-996b8629958c"><con:settings/><con:config xsi:type="con:RequestStep" xmlns:xsi="http://www.w3.org/2001/XMLSchema-instance"><con:interface>countrySoap</con:interface><con:operation>GetCountries</con:operation><con:request name="GetCountries" id="7e00715c-2517-4009-9b78-7003e34fa16e"><con:settings><con:setting id="com.eviware.soapui.impl.wsdl.WsdlRequest@request-headers">&lt;xml-fragment/></con:setting></con:settings><con:encoding>UTF-8</con:encoding><con:endpoint>http://www.webservicex.net/country.asmx</con:endpoint><con:request><![CDATA[<soapenv:Envelope xmlns:soapenv="http://schemas.xmlsoap.org/soap/envelope/" xmlns:web="http://www.webserviceX.NET">\r
   <soapenv:Header/>\r
   <soapenv:Body>\r
      <web:GetCountries/>\r
   </soapenv:Body>\r
</soapenv:Envelope>]]></con:request><con:assertion type="SOAP Response" id="e8e7273d-fdd4-400e-9f08-347a993d704e"/><con:assertion type="Valid HTTP Status Codes" id="fe7cfe0f-85f0-4e10-a65f-14ee3581f4ae" name="Valid HTTP Status Codes"><con:configuration><codes>200</codes></con:configuration></con:assertion><con:assertion type="Schema Compliance" id="cefbaab7-e875-4689-88c0-90fef0ff512b" name="Schema Compliance"><con:configuration><definition/></con:configuration></con:assertion><con:assertion type="Simple Contains" id="3ffcfa5b-5e6a-45f3-8462-0f6d211a6b1d" name="ContainsAlbania"><con:configuration><token>Albania</token><ignoreCase>false</ignoreCase><useRegEx>false</useRegEx></con:configuration></con:assertion><con:assertion type="Simple NotContains" id="02a4e059-e3f2-4679-a995-fdd9f8475ad0" name="Not ContainsAlbaniaaa"><con:configuration><token>Albaniaaa</token><ignoreCase>false</ignoreCase><useRegEx>false</useRegEx></con:configuration></con:assertion><con:assertion type="XPath Match" id="f2c20168-f245-4d0a-b4f3-17136d7ed1d4" name="XPath Match"><con:configuration><path>declare namespace ns1='http://www.webserviceX.NET';
matches(//ns1:GetCountriesResponse[1]/ns1:GetCountriesResult[1]/text(),'Albania')</path><content>true</content><allowWildcards>false</allowWildcards><ignoreNamspaceDifferences>false</ignoreNamspaceDifferences><ignoreComments>false</ignoreComments></con:configuration></con:assertion><con:credentials><con:authType>No Authorization</con:authType></con:credentials><con:jmsConfig JMSDeliveryMode="PERSISTENT"/><con:jmsPropertyConfig/><con:wsaConfig mustUnderstand="NONE" version="200508"/><con:wsrmConfig version="1.2"/></con:request></con:config></con:testStep><con:testStep type="request" name="GetCountryByCountryCode" id="03810761-d068-443e-adcc-73dbde24992a"><con:settings/><con:config xsi:type="con:RequestStep" xmlns:xsi="http://www.w3.org/2001/XMLSchema-instance"><con:interface>countrySoap</con:interface><con:operation>GetCountryByCountryCode</con:operation><con:request name="GetCountryByCountryCode" id="1f5769d0-2b0a-4370-9d55-eedbed6529fc"><con:settings><con:setting id="com.eviware.soapui.impl.wsdl.WsdlRequest@request-headers">&lt;xml-fragment/></con:setting></con:settings><con:encoding>UTF-8</con:encoding><con:endpoint>http://www.webservicex.net/country.asmx</con:endpoint><con:request><![CDATA[<soapenv:Envelope xmlns:soapenv="http://schemas.xmlsoap.org/soap/envelope/" xmlns:web="http://www.webserviceX.NET">\r
   <soapenv:Header/>\r
   <soapenv:Body>\r
      <web:GetCountryByCountryCode>\r
         <!--Optional:-->\r
         <web:CountryCode>${countrycode#countrycode}</web:CountryCode>\r
      </web:GetCountryByCountryCode>\r
   </soapenv:Body>\r
</soapenv:Envelope>]]></con:request><con:assertion type="SOAP Response" id="c8b6f70d-4889-4783-97ec-0874328efa47"/><con:assertion type="Simple Contains" id="0f99097b-ef01-45fb-ab65-32a1c3afc0ab" name="ContainsSweden"><con:configuration><token>Sweden</token><ignoreCase>false</ignoreCase><useRegEx>false</useRegEx></con:configuration></con:assertion><con:assertion type="Simple NotContains" id="b2e60e2a-9921-48ba-aacd-bc6ea0b56172" name="Not ContainsNorway"><con:configuration><token>Norway</token><ignoreCase>false</ignoreCase><useRegEx>false</useRegEx></con:configuration></con:assertion><con:assertion type="Valid HTTP Status Codes" id="bf745ad4-3cec-47b1-ba2c-095873c8f43a" name="Valid HTTP Status Codes"><con:configuration><codes>200
</codes></con:configuration></con:assertion><con:assertion type="Schema Compliance" id="4bfb7d3a-6a17-4da7-87b2-ecd24c08ae4d" name="Schema Compliance"><con:configuration><definition/></con:configuration></con:assertion><con:credentials><con:authType>No Authorization</con:authType></con:credentials><con:jmsConfig JMSDeliveryMode="PERSISTENT"/><con:jmsPropertyConfig/><con:wsaConfig mustUnderstand="NONE" version="200508"/><con:wsrmConfig version="1.2"/></con:request></con:config></con:testStep><con:testStep type="properties" name="countrycode" id="ef906e8c-2724-4acd-9112-df97e2b27541"><con:settings/><con:config xsi:type="con:PropertiesStep" saveFirst="true" xmlns:xsi="http://www.w3.org/2001/XMLSchema-instance"><con:properties><con:property><con:name>countrycode</con:name><con:value>SE</con:value></con:property></con:properties></con:config></con:testStep><con:testStep type="request" name="GetCurrencyByCountry" id="fde2b892-f001-4879-93c2-400776ba9e5b"><con:settings/><con:config xsi:type="con:RequestStep" xmlns:xsi="http://www.w3.org/2001/XMLSchema-instance"><con:interface>countrySoap</con:interface><con:operation>GetCurrencyByCountry</con:operation><con:request name="GetCurrencyByCountry" id="4d63d74a-17a7-4b9a-9d20-592db11c69c8"><con:settings><con:setting id="com.eviware.soapui.impl.wsdl.WsdlRequest@request-headers">&lt;xml-fragment/></con:setting></con:settings><con:encoding>UTF-8</con:encoding><con:endpoint>http://www.webservicex.net/country.asmx</con:endpoint><con:request><![CDATA[<soapenv:Envelope xmlns:soapenv="http://schemas.xmlsoap.org/soap/envelope/" xmlns:web="http://www.webserviceX.NET">\r
   <soapenv:Header/>\r
   <soapenv:Body>\r
      <web:GetCurrencyByCountry>\r
         <!--Optional:-->\r
         <web:CountryName>${countryname}</web:CountryName>\r
      </web:GetCurrencyByCountry>\r
   </soapenv:Body>\r
</soapenv:Envelope>]]></con:request><con:assertion type="SOAP Response" id="5c9c18f5-6152-4bf8-8357-72033424332d"/><con:assertion type="Simple Contains" id="e1051de9-9348-427b-bc82-d0c6aca66c8e" name="ContainsSEK"><con:configuration><token>SEK</token><ignoreCase>false</ignoreCase><useRegEx>false</useRegEx></con:configuration></con:assertion><con:assertion type="Simple NotContains" id="4cff2dd3-ab74-419c-b151-e3e5b67a364d" name="Not ContainsNOK"><con:configuration><token>NOK</token><ignoreCase>false</ignoreCase><useRegEx>false</useRegEx></con:configuration></con:assertion><con:assertion type="Valid HTTP Status Codes" id="a286a195-48df-4937-9c0c-a20a8b1011df" name="Valid HTTP Status Codes"><con:configuration><codes>200</codes></con:configuration></con:assertion><con:assertion type="Schema Compliance" id="2148a3b5-da2e-4f27-97e8-c7231bdb4e77" name="Schema Compliance"><con:configuration><definition/></con:configuration></con:assertion><con:credentials><con:authType>No Authorization</con:authType></con:credentials><con:jmsConfig JMSDeliveryMode="PERSISTENT"/><con:jmsPropertyConfig/><con:wsaConfig mustUnderstand="NONE" version="200508"/><con:wsrmConfig version="1.2"/></con:request></con:config></con:testStep><con:testStep type="groovy" name="FetchResponse_CountryName" id="4addbe72-18a8-46a5-a6d1-fc9f0543cc69"><con:settings/><con:config><script>import groovy.xml.*
import groovy.util.XmlParser
import groovy.util.XmlSlurper

def responseContent = testRunner.testCase.getTestStepByName("GetCurrencyByCountry").getPropertyValue("Response")

def response = new XmlSlurper().parseText(responseContent).Body.GetCurrencyByCountryResponse.GetCurrencyByCountryResult.text()
def country = new XmlSlurper().parseText(response).Table.Name[0]
log.info(country)
com.eviware.soapui.SoapUI.globalProperties.setPropertyValue( "country", country.toString())
</script></con:config></con:testStep><con:testStep type="groovy" name="Global_Country" id="377eb6ba-0839-42b3-8cd3-301ef720d079"><con:settings/><con:config><script>import groovy.xml.*

def countryname= "Sweden"
log.info (countryname)
com.eviware.soapui.SoapUI.globalProperties.setPropertyValue("countryname",countryname)</script></con:config></con:testStep><con:testStep type="request" name="GetGMTbyCountry" id="ddbe8710-eb1f-4dd4-a88c-fd9191358ecc"><con:settings/><con:config xsi:type="con:RequestStep" xmlns:xsi="http://www.w3.org/2001/XMLSchema-instance"><con:interface>countrySoap</con:interface><con:operation>GetGMTbyCountry</con:operation><con:request name="GetGMTbyCountry" id="fc6c0816-b777-4359-affd-e99edb2b276a"><con:settings><con:setting id="com.eviware.soapui.impl.wsdl.WsdlRequest@request-headers">&lt;xml-fragment/></con:setting></con:settings><con:encoding>UTF-8</con:encoding><con:endpoint>http://www.webservicex.net/country.asmx</con:endpoint><con:request><![CDATA[<soapenv:Envelope xmlns:soapenv="http://schemas.xmlsoap.org/soap/envelope/" xmlns:web="http://www.webserviceX.NET">\r
   <soapenv:Header/>\r
   <soapenv:Body>\r
      <web:GetGMTbyCountry>\r
         <!--Optional:-->\r
         <web:CountryName>${countryname}</web:CountryName>\r
      </web:GetGMTbyCountry>\r
   </soapenv:Body>\r
</soapenv:Envelope>]]></con:request><con:assertion type="SOAP Response" id="fb7f3b42-a7ed-4388-8a5d-d766f3beb635"/><con:assertion type="Simple Contains" id="30628785-937d-4275-9163-7e8497e57821" name="Contains &quot;+1&quot;"><con:configuration><token>+1</token><ignoreCase>false</ignoreCase><useRegEx>false</useRegEx></con:configuration></con:assertion><con:assertion type="Simple NotContains" id="fe2655c0-0641-423d-9623-5abab5ba1fc2" name="Not Contains &quot;+2&quot;"><con:configuration><token>+2</token><ignoreCase>false</ignoreCase><useRegEx>false</useRegEx></con:configuration></con:assertion><con:assertion type="Valid HTTP Status Codes" id="ff523944-1068-4b9d-9259-0f38e63acb47" name="Valid HTTP Status Codes"><con:configuration><codes>200</codes></con:configuration></con:assertion><con:assertion type="Schema Compliance" id="2841188e-a18d-4caf-aa9d-33ef1f7008ac" name="Schema Compliance"><con:configuration><definition/></con:configuration></con:assertion><con:credentials><con:authType>No Authorization</con:authType></con:credentials><con:jmsConfig JMSDeliveryMode="PERSISTENT"/><con:jmsPropertyConfig/><con:wsaConfig mustUnderstand="NONE" version="200508"/><con:wsrmConfig version="1.2"/></con:request></con:config></con:testStep><con:properties/></con:testCase><con:properties/></con:testSuite><con:properties/><con:wssContainer/><con:oAuth2ProfileContainer/></con:soapui-project>